0	P1a, Hexagonal plate 
1	P1a, Hexagonal plate 
2	P1a, Hexagonal plate 
3	P1a, Hexagonal plate 
4	P1a, Hexagonal plate 
5	P1a, Hexagonal plate 
6	P1a, Hexagonal plate 
7	P1a, Hexagonal plate 
8	P1a, Hexagonal plate 
9	P1a, Hexagonal plate 
10	P1a, Hexagonal plate 
11	P1a, Hexagonal plate 
12	P1a, Hexagonal plate 
13	P1a, Hexagonal plate 
14	P1a, Hexagonal plate 
15	P1a, Hexagonal plate 
16	P1a, Hexagonal plate 
17	P1a, Hexagonal plate 
18	P1a, Hexagonal plate 
19	P1a, Hexagonal plate 
20	P1a, Hexagonal plate 
21	P1a, Hexagonal plate 
22	P1a, Hexagonal plate 
23	P1a, Hexagonal plate 
24	P1a, Hexagonal plate 
25	P1a, Hexagonal plate 
26	P1a, Hexagonal plate 
27	P1a, Hexagonal plate 
28	P1a, Hexagonal plate 
29	P1a, Hexagonal plate 
30	P1a, Hexagonal plate 
31	P1a, Hexagonal plate 
32	P1a, Hexagonal plate 
33	P1a, Hexagonal plate 
34	P1a, Hexagonal plate 
35	P1a, Hexagonal plate 
36	P1a, Hexagonal plate 
37	P1a, Hexagonal plate 
38	P1a, Hexagonal plate 
39	P1a, Hexagonal plate 
40	P1a, Hexagonal plate 
41	X, Unknown 
42	P1a, Hexagonal plate 
43	P1a, Hexagonal plate 
44	P1a, Hexagonal plate 
45	P1a, Hexagonal plate 
46	P1a, Hexagonal plate 
47	P1a, Hexagonal plate 
48	P1a, Hexagonal plate 
49	P1a, Hexagonal plate 
50	P1a, Hexagonal plate 
51	P1a, Hexagonal plate 
52	P1a, Hexagonal plate 
53	P1a, Hexagonal plate 
54	P1a, Hexagonal plate 
55	P1a, Hexagonal plate 
56	P1a, Hexagonal plate 
57	P1a, Hexagonal plate 
58	P1a, Hexagonal plate 
59	P1a, Hexagonal plate 
60	P1a, Hexagonal plate 
61	P1a, Hexagonal plate 
62	P1a, Hexagonal plate 
63	P1a, Hexagonal plate 
64	P1a, Hexagonal plate 
65	P1a, Hexagonal plate 
66	P1a, Hexagonal plate 
67	P1a, Hexagonal plate 
68	P1a, Hexagonal plate 
69	P1a, Hexagonal plate 
70	P1a, Hexagonal plate 
71	P1a, Hexagonal plate 
72	P1a, Hexagonal plate 
73	P1a, Hexagonal plate 
74	P1a, Hexagonal plate 
75	P1a, Hexagonal plate 
76	P1a, Hexagonal plate 
77	P1c, Crystal with broad branches 
78	P1c, Crystal with broad branches 
79	P1c, Crystal with broad branches 
80	P1c, Crystal with broad branches 
81	P1c, Crystal with broad branches 
82	P1c, Crystal with broad branches 
83	P1c, Crystal with broad branches 
84	P2f, Plate with sectorlike extensions 
85	P1c, Crystal with broad branches 
86	P1c, Crystal with broad branches 
87	P1c, Crystal with broad branches 
88	P1c, Crystal with broad branches 
89	P1c, Crystal with broad branches 
90	P1c, Crystal with broad branches 
91	P1c, Crystal with broad branches 
92	P2f, Plate with sectorlike extensions 
93	P2f, Plate with sectorlike extensions 
94	P2f, Plate with sectorlike extensions 
95	P2f, Plate with sectorlike extensions 
96	P1c, Crystal with broad branches 
97	P1c, Crystal with broad branches 
98	P2f, Plate with sectorlike extensions 
99	P1c, Crystal with broad branches 
100	P1c, Crystal with broad branches 
101	P1c, Crystal with broad branches 
102	P1c, Crystal with broad branches 
103	P1c, Crystal with broad branches 
104	P1a, Hexagonal plate 
105	P2f, Plate with sectorlike extensions 
106	P1c, Crystal with broad branches 
107	P1c, Crystal with broad branches 
108	P1c, Crystal with broad branches 
109	P1c, Crystal with broad branches 
110	P1c, Crystal with broad branches 
111	P1c, Crystal with broad branches 
112	P1c, Crystal with broad branches 
113	P1c, Crystal with broad branches 
114	P1c, Crystal with broad branches 
115	P1c, Crystal with broad branches 
116	P1c, Crystal with broad branches 
117	P1c, Crystal with broad branches 
118	P1c, Crystal with broad branches 
119	P1c, Crystal with broad branches 
120	P1c, Crystal with broad branches 
121	P2f, Plate with sectorlike extensions 
122	P1c, Crystal with broad branches 
123	P1c, Crystal with broad branches 
124	P1c, Crystal with broad branches 
125	P1c, Crystal with broad branches 
126	P1c, Crystal with broad branches 
127	P1c, Crystal with broad branches 
128	P1c, Crystal with broad branches 
129	P1c, Crystal with broad branches 
130	P2f, Plate with sectorlike extensions 
131	P1c, Crystal with broad branches 
132	P1c, Crystal with broad branches 
133	P2f, Plate with sectorlike extensions 
134	P1c, Crystal with broad branches 
135	P2f, Plate with sectorlike extensions 
136	P2f, Plate with sectorlike extensions 
137	P1c, Crystal with broad branches 
138	P1c, Crystal with broad branches 
139	P1c, Crystal with broad branches 
140	P1c, Crystal with broad branches 
141	P1c, Crystal with broad branches 
142	P1c, Crystal with broad branches 
143	P1c, Crystal with broad branches 
144	P1c, Crystal with broad branches 
145	P1c, Crystal with broad branches 
146	P1c, Crystal with broad branches 
147	P1c, Crystal with broad branches 
148	P1c, Crystal with broad branches 
149	P1c, Crystal with broad branches 
150	P1c, Crystal with broad branches 
151	R1c, Rimed plate or sector 
152	P1a, Hexagonal plate 
153	P1c, Crystal with broad branches 
154	P1c, Crystal with broad branches 
155	P1c, Crystal with broad branches 
156	P1c, Crystal with broad branches 
157	P1c, Crystal with broad branches 
158	P2f, Plate with sectorlike extensions 
159	P1c, Crystal with broad branches 
160	P1c, Crystal with broad branches 
161	P1c, Crystal with broad branches 
162	P1c, Crystal with broad branches 
163	P1c, Crystal with broad branches 
164	P2f, Plate with sectorlike extensions 
165	P2f, Plate with sectorlike extensions 
166	P2f, Plate with sectorlike extensions 
167	P2e, Plate with simple extensions 
168	P1a, Hexagonal plate 
169	P1c, Crystal with broad branches 
170	P2e, Plate with simple extensions 
171	P2e, Plate with simple extensions 
172	P2e, Plate with simple extensions 
173	P2e, Plate with simple extensions 
174	P2e, Plate with simple extensions 
175	P2e, Plate with simple extensions 
176	P2f, Plate with sectorlike extensions 
177	P2e, Plate with simple extensions 
178	P2f, Plate with sectorlike extensions 
179	P2f, Plate with sectorlike extensions 
180	P2e, Plate with simple extensions 
181	P2e, Plate with simple extensions 
182	P2f, Plate with sectorlike extensions 
183	P2e, Plate with simple extensions 
184	P2f, Plate with sectorlike extensions 
185	P2f, Plate with sectorlike extensions 
186	P2f, Plate with sectorlike extensions 
187	P1c, Crystal with broad branches 
188	P2f, Plate with sectorlike extensions 
189	P1c, Crystal with broad branches 
190	P2f, Plate with sectorlike extensions 
191	P2f, Plate with sectorlike extensions 
192	P1c, Crystal with broad branches 
193	P1c, Crystal with broad branches 
194	P1c, Crystal with broad branches 
195	P1c, Crystal with broad branches 
196	P2f, Plate with sectorlike extensions 
197	P2f, Plate with sectorlike extensions 
198	P2f, Plate with sectorlike extensions 
199	P2f, Plate with sectorlike extensions 
200	P2f, Plate with sectorlike extensions 
201	P2f, Plate with sectorlike extensions 
202	P2f, Plate with sectorlike extensions 
203	P1c, Crystal with broad branches 
204	P2e, Plate with simple extensions 
205	P2f, Plate with sectorlike extensions 
206	P1c, Crystal with broad branches 
207	P2f, Plate with sectorlike extensions 
208	P2e, Plate with simple extensions 
209	P2e, Plate with simple extensions 
210	P2f, Plate with sectorlike extensions 
211	P2f, Plate with sectorlike extensions 
212	P2f, Plate with sectorlike extensions 
213	P2f, Plate with sectorlike extensions 
214	P2f, Plate with sectorlike extensions 
215	P2f, Plate with sectorlike extensions 
216	P2f, Plate with sectorlike extensions 
217	P1c, Crystal with broad branches 
218	P2f, Plate with sectorlike extensions 
219	P2f, Plate with sectorlike extensions 
220	P2f, Plate with sectorlike extensions 
221	P2f, Plate with sectorlike extensions 
222	P1c, Crystal with broad branches 
223	P1c, Crystal with broad branches 
224	P2f, Plate with sectorlike extensions 
225	P2f, Plate with sectorlike extensions 
226	P2f, Plate with sectorlike extensions 
227	P1c, Crystal with broad branches 
228	P1c, Crystal with broad branches 
229	P1c, Crystal with broad branches 
230	P2f, Plate with sectorlike extensions 
231	P2f, Plate with sectorlike extensions 
232	P1c, Crystal with broad branches 
233	P2f, Plate with sectorlike extensions 
234	P1c, Crystal with broad branches 
235	P2f, Plate with sectorlike extensions 
236	P2f, Plate with sectorlike extensions 
237	P2f, Plate with sectorlike extensions 
238	P2f, Plate with sectorlike extensions 
239	P1c, Crystal with broad branches 
240	P2f, Plate with sectorlike extensions 
241	P2f, Plate with sectorlike extensions 
242	P2f, Plate with sectorlike extensions 
243	P1c, Crystal with broad branches 
244	P2f, Plate with sectorlike extensions 
245	P2f, Plate with sectorlike extensions 
246	P2f, Plate with sectorlike extensions 
247	P1c, Crystal with broad branches 
248	P2f, Plate with sectorlike extensions 
249	P2g, Plate with dendritic extensions 
250	P2f, Plate with sectorlike extensions 
251	P2f, Plate with sectorlike extensions 
252	P2f, Plate with sectorlike extensions 
253	P2f, Plate with sectorlike extensions 
254	P2f, Plate with sectorlike extensions 
255	P2f, Plate with sectorlike extensions 
256	P2f, Plate with sectorlike extensions 
257	P2f, Plate with sectorlike extensions 
258	P2f, Plate with sectorlike extensions 
259	P2f, Plate with sectorlike extensions 
260	P1c, Crystal with broad branches 
261	P2f, Plate with sectorlike extensions 
262	P2f, Plate with sectorlike extensions 
263	P2e, Plate with simple extensions 
264	P2f, Plate with sectorlike extensions 
265	P1c, Crystal with broad branches 
266	P2e, Plate with simple extensions 
267	P2e, Plate with simple extensions 
268	P1c, Crystal with broad branches 
269	P2f, Plate with sectorlike extensions 
270	P2f, Plate with sectorlike extensions 
271	P1c, Crystal with broad branches 
272	P1c, Crystal with broad branches 
273	P2f, Plate with sectorlike extensions 
274	R1c, Rimed plate or sector 
275	P2f, Plate with sectorlike extensions 
276	P2f, Plate with sectorlike extensions 
277	P2f, Plate with sectorlike extensions 
278	P1c, Crystal with broad branches 
279	P2f, Plate with sectorlike extensions 
280	P1c, Crystal with broad branches 
281	P2f, Plate with sectorlike extensions 
282	P2f, Plate with sectorlike extensions 
283	P1c, Crystal with broad branches 
284	P1c, Crystal with broad branches 
285	P2f, Plate with sectorlike extensions 
286	P2f, Plate with sectorlike extensions 
287	P2f, Plate with sectorlike extensions 
288	P2e, Plate with simple extensions 
289	P2f, Plate with sectorlike extensions 
290	P2f, Plate with sectorlike extensions 
291	P1c, Crystal with broad branches 
292	P1a, Hexagonal plate 
293	P2f, Plate with sectorlike extensions 
294	P2e, Plate with simple extensions 
295	P2e, Plate with simple extensions 
296	P2f, Plate with sectorlike extensions 
297	P2f, Plate with sectorlike extensions 
298	P2f, Plate with sectorlike extensions 
299	P2f, Plate with sectorlike extensions 
300	P2f, Plate with sectorlike extensions 
301	P2f, Plate with sectorlike extensions 
302	P2f, Plate with sectorlike extensions 
303	P2f, Plate with sectorlike extensions 
304	P2f, Plate with sectorlike extensions 
305	P2f, Plate with sectorlike extensions 
306	P2f, Plate with sectorlike extensions 
307	P2e, Plate with simple extensions 
308	P2g, Plate with dendritic extensions 
309	P2f, Plate with sectorlike extensions 
310	P2f, Plate with sectorlike extensions 
311	P2e, Plate with simple extensions 
312	R1c, Rimed plate or sector 
313	P2d, Dendritic crystal with sectorlike ends 
314	P2f, Plate with sectorlike extensions 
315	P2f, Plate with sectorlike extensions 
316	R1c, Rimed plate or sector 
317	P2f, Plate with sectorlike extensions 
318	P2f, Plate with sectorlike extensions 
319	P2f, Plate with sectorlike extensions 
320	P2f, Plate with sectorlike extensions 
322	P2e, Plate with simple extensions 
323	P2e, Plate with simple extensions 
324	P2e, Plate with simple extensions 
325	P2e, Plate with simple extensions 
326	P2e, Plate with simple extensions 
327	P2f, Plate with sectorlike extensions 
328	P2f, Plate with sectorlike extensions 
329	P2f, Plate with sectorlike extensions 
330	P2f, Plate with sectorlike extensions 
331	P2e, Plate with simple extensions 
332	P2f, Plate with sectorlike extensions 
333	P2f, Plate with sectorlike extensions 
334	P2f, Plate with sectorlike extensions 
335	P2e, Plate with simple extensions 
336	P2f, Plate with sectorlike extensions 
337	P2f, Plate with sectorlike extensions 
338	P2f, Plate with sectorlike extensions 
339	P2f, Plate with sectorlike extensions 
340	P2f, Plate with sectorlike extensions 
341	P1c, Crystal with broad branches 
342	P2f, Plate with sectorlike extensions 
343	P2f, Plate with sectorlike extensions 
344	P2f, Plate with sectorlike extensions 
345	P2f, Plate with sectorlike extensions 
346	P2f, Plate with sectorlike extensions 
347	P2f, Plate with sectorlike extensions 
348	P2f, Plate with sectorlike extensions 
349	P2f, Plate with sectorlike extensions 
350	P2f, Plate with sectorlike extensions 
351	P2f, Plate with sectorlike extensions 
352	P2f, Plate with sectorlike extensions 
353	P2f, Plate with sectorlike extensions 
354	P2f, Plate with sectorlike extensions 
355	P2f, Plate with sectorlike extensions 
356	P2f, Plate with sectorlike extensions 
357	P2f, Plate with sectorlike extensions 
358	P2f, Plate with sectorlike extensions 
359	P2f, Plate with sectorlike extensions 
360	P1c, Crystal with broad branches 
361	P2f, Plate with sectorlike extensions 
362	P2f, Plate with sectorlike extensions 
363	P2f, Plate with sectorlike extensions 
364	P2f, Plate with sectorlike extensions 
365	P2f, Plate with sectorlike extensions 
366	P2f, Plate with sectorlike extensions 
367	P2f, Plate with sectorlike extensions 
368	P2f, Plate with sectorlike extensions 
369	P2e, Plate with simple extensions 
370	P2f, Plate with sectorlike extensions 
371	P2f, Plate with sectorlike extensions 
372	P2f, Plate with sectorlike extensions 
373	P1c, Crystal with broad branches 
374	P1c, Crystal with broad branches 
375	P2f, Plate with sectorlike extensions 
376	P2f, Plate with sectorlike extensions 
377	P2e, Plate with simple extensions 
378	P1c, Crystal with broad branches 
379	P1c, Crystal with broad branches 
380	P2f, Plate with sectorlike extensions 
381	P1c, Crystal with broad branches 
382	P2e, Plate with simple extensions 
383	P2f, Plate with sectorlike extensions 
384	P2f, Plate with sectorlike extensions 
385	P2f, Plate with sectorlike extensions 
386	P1c, Crystal with broad branches 
387	P2f, Plate with sectorlike extensions 
388	P2f, Plate with sectorlike extensions 
389	P2f, Plate with sectorlike extensions 
390	P2f, Plate with sectorlike extensions 
391	P2f, Plate with sectorlike extensions 
392	P2f, Plate with sectorlike extensions 
393	P2f, Plate with sectorlike extensions 
394	P2f, Plate with sectorlike extensions 
395	P2f, Plate with sectorlike extensions 
396	P2f, Plate with sectorlike extensions 
397	P2f, Plate with sectorlike extensions 
398	P2e, Plate with simple extensions 
399	P2e, Plate with simple extensions 
400	P2f, Plate with sectorlike extensions 
401	P2f, Plate with sectorlike extensions 
402	P2g, Plate with dendritic extensions 
403	P2g, Plate with dendritic extensions 
404	P2e, Plate with simple extensions 
405	P2f, Plate with sectorlike extensions 
406	P2e, Plate with simple extensions 
407	P2f, Plate with sectorlike extensions 
408	P2e, Plate with simple extensions 
409	P2e, Plate with simple extensions 
410	P2e, Plate with simple extensions 
411	P2f, Plate with sectorlike extensions 
412	P2f, Plate with sectorlike extensions 
413	P2e, Plate with simple extensions 
414	P2f, Plate with sectorlike extensions 
415	P1c, Crystal with broad branches 
416	P2f, Plate with sectorlike extensions 
417	P1c, Crystal with broad branches 
418	P1b, Crystal with sectorlike branches 
419	P1c, Crystal with broad branches 
420	P1b, Crystal with sectorlike branches 
421	P1b, Crystal with sectorlike branches 
422	P2f, Plate with sectorlike extensions 
423	P2g, Plate with dendritic extensions 
424	P2f, Plate with sectorlike extensions 
425	P2f, Plate with sectorlike extensions 
426	P2e, Plate with simple extensions 
427	P2g, Plate with dendritic extensions 
428	P2g, Plate with dendritic extensions 
429	P2g, Plate with dendritic extensions 
430	P2g, Plate with dendritic extensions 
431	P2g, Plate with dendritic extensions 
432	P2f, Plate with sectorlike extensions 
433	P1e, Ordinary dendritic crystal 
434	P2g, Plate with dendritic extensions 
435	P1e, Ordinary dendritic crystal 
436	P2a, Stellar crystal with plates at ends 
437	P1e, Ordinary dendritic crystal 
438	P2g, Plate with dendritic extensions 
439	P2e, Plate with simple extensions 
440	P2e, Plate with simple extensions 
441	P1d, Stellar crystal 
442	P2e, Plate with simple extensions 
443	P2e, Plate with simple extensions 
444	P2e, Plate with simple extensions 
445	P2g, Plate with dendritic extensions 
446	P2g, Plate with dendritic extensions 
447	P2f, Plate with sectorlike extensions 
448	P2g, Plate with dendritic extensions 
449	P2g, Plate with dendritic extensions 
450	P2g, Plate with dendritic extensions 
451	P2a, Stellar crystal with plates at ends 
452	P2f, Plate with sectorlike extensions 
453	P2g, Plate with dendritic extensions 
454	P2f, Plate with sectorlike extensions 
455	P2g, Plate with dendritic extensions 
456	P2f, Plate with sectorlike extensions 
457	P2g, Plate with dendritic extensions 
458	P2g, Plate with dendritic extensions 
459	P2f, Plate with sectorlike extensions 
460	P2f, Plate with sectorlike extensions 
461	P2g, Plate with dendritic extensions 
462	P2f, Plate with sectorlike extensions 
463	P2f, Plate with sectorlike extensions 
464	P2e, Plate with simple extensions 
465	P2g, Plate with dendritic extensions 
466	P2f, Plate with sectorlike extensions 
467	P2f, Plate with sectorlike extensions 
468	P2e, Plate with simple extensions 
469	P2g, Plate with dendritic extensions 
470	P2e, Plate with simple extensions 
471	P2g, Plate with dendritic extensions 
472	P2g, Plate with dendritic extensions 
473	P2g, Plate with dendritic extensions 
474	P2g, Plate with dendritic extensions 
475	R1c, Rimed plate or sector 
476	P2g, Plate with dendritic extensions 
477	P2g, Plate with dendritic extensions 
478	P2g, Plate with dendritic extensions 
479	P2g, Plate with dendritic extensions 
480	P2f, Plate with sectorlike extensions 
481	P2f, Plate with sectorlike extensions 
482	P2f, Plate with sectorlike extensions 
483	P2f, Plate with sectorlike extensions 
484	P1f, Fernlike crystal 
485	P2f, Plate with sectorlike extensions 
486	P2g, Plate with dendritic extensions 
487	P2e, Plate with simple extensions 
488	P2f, Plate with sectorlike extensions 
489	P2g, Plate with dendritic extensions 
490	P2g, Plate with dendritic extensions 
491	P2g, Plate with dendritic extensions 
492	P2g, Plate with dendritic extensions 
493	P2g, Plate with dendritic extensions 
494	P2f, Plate with sectorlike extensions 
495	P2g, Plate with dendritic extensions 
496	P2g, Plate with dendritic extensions 
497	P2g, Plate with dendritic extensions 
498	P2f, Plate with sectorlike extensions 
499	P2g, Plate with dendritic extensions 
500	P2d, Dendritic crystal with sectorlike ends 
501	P2g, Plate with dendritic extensions 
502	P2e, Plate with simple extensions 
503	P2f, Plate with sectorlike extensions 
504	P2g, Plate with dendritic extensions 
505	P2g, Plate with dendritic extensions 
506	P2f, Plate with sectorlike extensions 
507	P2g, Plate with dendritic extensions 
508	P2g, Plate with dendritic extensions 
509	P2g, Plate with dendritic extensions 
510	P2g, Plate with dendritic extensions 
511	P2f, Plate with sectorlike extensions 
512	P2g, Plate with dendritic extensions 
513	P2g, Plate with dendritic extensions 
514	P2g, Plate with dendritic extensions 
515	P2g, Plate with dendritic extensions 
516	P2f, Plate with sectorlike extensions 
517	P2g, Plate with dendritic extensions 
518	P2d, Dendritic crystal with sectorlike ends 
519	P2g, Plate with dendritic extensions 
520	P2d, Dendritic crystal with sectorlike ends 
521	P2g, Plate with dendritic extensions 
522	P2g, Plate with dendritic extensions 
523	P2g, Plate with dendritic extensions 
524	P2g, Plate with dendritic extensions 
525	P2g, Plate with dendritic extensions 
526	P2g, Plate with dendritic extensions 
527	P2g, Plate with dendritic extensions 
528	P2g, Plate with dendritic extensions 
529	P2g, Plate with dendritic extensions 
530	P2g, Plate with dendritic extensions 
531	P2g, Plate with dendritic extensions 
532	P2g, Plate with dendritic extensions 
533	P1e, Ordinary dendritic crystal 
534	P2g, Plate with dendritic extensions 
535	P2g, Plate with dendritic extensions 
536	P2g, Plate with dendritic extensions 
537	P2g, Plate with dendritic extensions 
538	P2g, Plate with dendritic extensions 
539	P2g, Plate with dendritic extensions 
540	P2g, Plate with dendritic extensions 
541	P2g, Plate with dendritic extensions 
542	P2g, Plate with dendritic extensions 
543	P1f, Fernlike crystal 
544	P2g, Plate with dendritic extensions 
545	P2g, Plate with dendritic extensions 
546	P2g, Plate with dendritic extensions 
547	P2g, Plate with dendritic extensions 
548	P1c, Crystal with broad branches 
549	P2f, Plate with sectorlike extensions 
550	P2g, Plate with dendritic extensions 
551	P2g, Plate with dendritic extensions 
552	P2g, Plate with dendritic extensions 
553	P2g, Plate with dendritic extensions 
554	P2g, Plate with dendritic extensions 
555	P2g, Plate with dendritic extensions 
557	P2g, Plate with dendritic extensions 
558	P2g, Plate with dendritic extensions 
559	P1f, Fernlike crystal 
560	P2g, Plate with dendritic extensions 
561	P2g, Plate with dendritic extensions 
562	P2g, Plate with dendritic extensions 
563	P2g, Plate with dendritic extensions 
564	P2g, Plate with dendritic extensions 
565	P2g, Plate with dendritic extensions 
566	P2g, Plate with dendritic extensions 
567	P1e, Ordinary dendritic crystal 
568	P1f, Fernlike crystal 
569	P1f, Fernlike crystal 
570	P2g, Plate with dendritic extensions 
571	P1f, Fernlike crystal 
572	P2g, Plate with dendritic extensions 
573	P2g, Plate with dendritic extensions 
574	P3a, Two-branched crystal 
575	P5, Malformed crystal 
576	P3a, Two-branched crystal 
577	P4a, Broad branch crystal with 12 brances 
578	P2f, Plate with sectorlike extensions 
579	P5, Malformed crystal 
580	P2f, Plate with sectorlike extensions 
581	P2f, Plate with sectorlike extensions 
582	P1a, Hexagonal plate 
583	P1a, Hexagonal plate 
584	P2f, Plate with sectorlike extensions 
585	P3a, Two-branched crystal 
586	P5, Malformed crystal 
587	P5, Malformed crystal 
588	P2f, Plate with sectorlike extensions 
589	P5, Malformed crystal 
590	P2f, Plate with sectorlike extensions 
591	P3b, Three-branched crystal 
592	P3a, Two-branched crystal 
593	P3b, Three-branched crystal 
594	P3b, Three-branched crystal 
595	P3b, Three-branched crystal 
596	P3a, Two-branched crystal 
597	P3b, Three-branched crystal 
598	P3b, Three-branched crystal 
599	P3a, Two-branched crystal 
600	P3a, Two-branched crystal 
601	P5, Malformed crystal 
602	P3b, Three-branched crystal 
603	P3b, Three-branched crystal 
604	P2f, Plate with sectorlike extensions 
605	P3a, Two-branched crystal 
606	P3b, Three-branched crystal 
607	P2f, Plate with sectorlike extensions 
608	P3b, Three-branched crystal 
609	P3b, Three-branched crystal 
610	P3b, Three-branched crystal 
611	P3b, Three-branched crystal 
612	P3b, Three-branched crystal 
613	P3b, Three-branched crystal 
614	P3b, Three-branched crystal 
615	P3b, Three-branched crystal 
616	P3a, Two-branched crystal 
617	P3b, Three-branched crystal 
618	P3b, Three-branched crystal 
619	P3b, Three-branched crystal 
620	P3b, Three-branched crystal 
621	P3b, Three-branched crystal 
622	P3b, Three-branched crystal 
623	P3b, Three-branched crystal 
624	P3b, Three-branched crystal 
625	P3b, Three-branched crystal 
626	P1a, Hexagonal plate 
627	P1a, Hexagonal plate 
628	R1c, Rimed plate or sector 
629	P3b, Three-branched crystal 
630	P3b, Three-branched crystal 
631	P3b, Three-branched crystal 
632	P3b, Three-branched crystal 
633	P3b, Three-branched crystal 
634	P1a, Hexagonal plate 
635	P1a, Hexagonal plate 
636	CP1a, Column with plates 
637	I4, Miscellaneous 
638	P3b, Three-branched crystal 
639	P2f, Plate with sectorlike extensions 
640	P1a, Hexagonal plate 
641	I4, Miscellaneous 
642	I4, Miscellaneous 
643	I4, Miscellaneous 
644	I4, Miscellaneous 
645	I4, Miscellaneous 
646	R4b, Lump graupel 
647	I4, Miscellaneous 
648	I4, Miscellaneous 
649	P1a, Hexagonal plate 
650	P1a, Hexagonal plate 
651	P1a, Hexagonal plate 
652	P3b, Three-branched crystal 
653	P3b, Three-branched crystal 
654	P3b, Three-branched crystal 
655	P1a, Hexagonal plate 
656	P1a, Hexagonal plate 
657	P3b, Three-branched crystal 
658	P1a, Hexagonal plate 
659	P1a, Hexagonal plate 
660	P1a, Hexagonal plate 
661	P1a, Hexagonal plate 
662	P1a, Hexagonal plate 
663	P1a, Hexagonal plate 
664	P1a, Hexagonal plate 
665	P1a, Hexagonal plate 
666	P1a, Hexagonal plate 
667	P1a, Hexagonal plate 
668	P1a, Hexagonal plate 
669	P1a, Hexagonal plate 
670	P1a, Hexagonal plate 
671	P1a, Hexagonal plate 
672	P1a, Hexagonal plate 
673	P1a, Hexagonal plate 
674	P1a, Hexagonal plate 
675	P1a, Hexagonal plate 
676	P1a, Hexagonal plate 
677	P1a, Hexagonal plate 
678	P1a, Hexagonal plate 
679	P1a, Hexagonal plate 
680	P1a, Hexagonal plate 
681	P1a, Hexagonal plate 
682	P1a, Hexagonal plate 
683	P1a, Hexagonal plate 
684	P1a, Hexagonal plate 
685	P1a, Hexagonal plate 
686	P1a, Hexagonal plate 
687	P1a, Hexagonal plate 
688	P1a, Hexagonal plate 
689	P1a, Hexagonal plate 
690	P1a, Hexagonal plate 
691	P3b, Three-branched crystal 
692	P1a, Hexagonal plate 
693	P1a, Hexagonal plate 
694	P3b, Three-branched crystal 
695	P3b, Three-branched crystal 
696	R1c, Rimed plate or sector 
697	P1a, Hexagonal plate 
698	P1a, Hexagonal plate 
699	P1a, Hexagonal plate 
700	P1a, Hexagonal plate 
701	P3a, Two-branched crystal 
702	P1c, Crystal with broad branches 
703	P1c, Crystal with broad branches 
704	P1c, Crystal with broad branches 
705	P1c, Crystal with broad branches 
706	P1c, Crystal with broad branches 
707	P2f, Plate with sectorlike extensions 
708	P2f, Plate with sectorlike extensions 
709	P2f, Plate with sectorlike extensions 
710	P2f, Plate with sectorlike extensions 
711	P2f, Plate with sectorlike extensions 
712	P2f, Plate with sectorlike extensions 
713	P2e, Plate with simple extensions 
714	P1c, Crystal with broad branches 
715	P1c, Crystal with broad branches 
716	P1c, Crystal with broad branches 
717	P1c, Crystal with broad branches 
718	P1c, Crystal with broad branches 
719	P1c, Crystal with broad branches 
720	P1c, Crystal with broad branches 
721	P1c, Crystal with broad branches 
722	P1c, Crystal with broad branches 
723	P1a, Hexagonal plate 
724	P1a, Hexagonal plate 
725	P1a, Hexagonal plate 
726	P2f, Plate with sectorlike extensions 
727	P2f, Plate with sectorlike extensions 
728	P1c, Crystal with broad branches 
729	P2f, Plate with sectorlike extensions 
730	P1c, Crystal with broad branches 
731	P2e, Plate with simple extensions 
732	P2f, Plate with sectorlike extensions 
733	P2f, Plate with sectorlike extensions 
734	P2f, Plate with sectorlike extensions 
735	P2e, Plate with simple extensions 
736	P1c, Crystal with broad branches 
737	P1c, Crystal with broad branches 
738	P1c, Crystal with broad branches 
739	P1a, Hexagonal plate 
740	P1c, Crystal with broad branches 
741	P1c, Crystal with broad branches 
742	P1c, Crystal with broad branches 
743	P1c, Crystal with broad branches 
744	P1c, Crystal with broad branches 
745	P1c, Crystal with broad branches 
746	P1a, Hexagonal plate 
747	P1c, Crystal with broad branches 
748	P2f, Plate with sectorlike extensions 
749	P1a, Hexagonal plate 
750	P2e, Plate with simple extensions 
751	P1a, Hexagonal plate 
752	P2f, Plate with sectorlike extensions 
753	P1a, Hexagonal plate 
754	P1c, Crystal with broad branches 
755	P3b, Three-branched crystal 
756	P2f, Plate with sectorlike extensions 
757	P1c, Crystal with broad branches 
758	P1c, Crystal with broad branches 
759	P1c, Crystal with broad branches 
760	P1c, Crystal with broad branches 
761	P1c, Crystal with broad branches 
762	P3b, Three-branched crystal 
763	P1c, Crystal with broad branches 
764	P1c, Crystal with broad branches 
765	P1c, Crystal with broad branches 
766	P1c, Crystal with broad branches 
767	P1c, Crystal with broad branches 
768	P2f, Plate with sectorlike extensions 
769	P1c, Crystal with broad branches 
770	P1c, Crystal with broad branches 
771	P1c, Crystal with broad branches 
772	P1c, Crystal with broad branches 
773	P1c, Crystal with broad branches 
774	P1c, Crystal with broad branches 
775	R1c, Rimed plate or sector 
776	P1c, Crystal with broad branches 
777	P2f, Plate with sectorlike extensions 
778	P2e, Plate with simple extensions 
779	P2f, Plate with sectorlike extensions 
780	P2f, Plate with sectorlike extensions 
781	P1b, Crystal with sectorlike branches 
782	P2f, Plate with sectorlike extensions 
783	P3b, Three-branched crystal 
784	P2f, Plate with sectorlike extensions 
785	P2f, Plate with sectorlike extensions 
786	P2f, Plate with sectorlike extensions 
787	P2f, Plate with sectorlike extensions 
788	P2f, Plate with sectorlike extensions 
789	P2f, Plate with sectorlike extensions 
790	P2f, Plate with sectorlike extensions 
791	P2f, Plate with sectorlike extensions 
792	P2f, Plate with sectorlike extensions 
793	P2f, Plate with sectorlike extensions 
794	P2f, Plate with sectorlike extensions 
795	P2f, Plate with sectorlike extensions 
796	P2f, Plate with sectorlike extensions 
797	P2e, Plate with simple extensions 
798	P2f, Plate with sectorlike extensions 
799	P2e, Plate with simple extensions 
800	P2g, Plate with dendritic extensions 
801	P2f, Plate with sectorlike extensions 
802	P2f, Plate with sectorlike extensions 
803	P2f, Plate with sectorlike extensions 
804	P2f, Plate with sectorlike extensions 
805	P1b, Crystal with sectorlike branches 
806	P2f, Plate with sectorlike extensions 
807	P2e, Plate with simple extensions 
808	P2f, Plate with sectorlike extensions 
809	P2e, Plate with simple extensions 
810	P2f, Plate with sectorlike extensions 
811	P2f, Plate with sectorlike extensions 
812	P2f, Plate with sectorlike extensions 
813	P2f, Plate with sectorlike extensions 
814	P2f, Plate with sectorlike extensions 
815	P2f, Plate with sectorlike extensions 
816	P2f, Plate with sectorlike extensions 
817	P2f, Plate with sectorlike extensions 
818	P2f, Plate with sectorlike extensions 
819	P2f, Plate with sectorlike extensions 
820	P2f, Plate with sectorlike extensions 
821	P2f, Plate with sectorlike extensions 
822	P2f, Plate with sectorlike extensions 
823	P2f, Plate with sectorlike extensions 
824	P2f, Plate with sectorlike extensions 
825	P2f, Plate with sectorlike extensions 
826	P2f, Plate with sectorlike extensions 
827	P2f, Plate with sectorlike extensions 
828	P2f, Plate with sectorlike extensions 
829	P2f, Plate with sectorlike extensions 
830	P2f, Plate with sectorlike extensions 
831	P2f, Plate with sectorlike extensions 
832	P2f, Plate with sectorlike extensions 
833	P2f, Plate with sectorlike extensions 
834	P2f, Plate with sectorlike extensions 
835	P2f, Plate with sectorlike extensions 
836	P2f, Plate with sectorlike extensions 
837	P2f, Plate with sectorlike extensions 
838	P2e, Plate with simple extensions 
839	P2f, Plate with sectorlike extensions 
840	P2f, Plate with sectorlike extensions 
841	P2f, Plate with sectorlike extensions 
842	P2f, Plate with sectorlike extensions 
843	P2f, Plate with sectorlike extensions 
844	P2f, Plate with sectorlike extensions 
845	P2f, Plate with sectorlike extensions 
846	P2f, Plate with sectorlike extensions 
847	P2e, Plate with simple extensions 
848	P2f, Plate with sectorlike extensions 
849	P2f, Plate with sectorlike extensions 
850	P2f, Plate with sectorlike extensions 
851	P2f, Plate with sectorlike extensions 
852	P2f, Plate with sectorlike extensions 
853	P2f, Plate with sectorlike extensions 
854	I4, Miscellaneous 
855	P2f, Plate with sectorlike extensions 
856	P2f, Plate with sectorlike extensions 
857	P2f, Plate with sectorlike extensions 
858	P2g, Plate with dendritic extensions 
859	P2f, Plate with sectorlike extensions 
860	P2f, Plate with sectorlike extensions 
861	P2f, Plate with sectorlike extensions 
862	P2f, Plate with sectorlike extensions 
863	P2f, Plate with sectorlike extensions 
864	P2e, Plate with simple extensions 
865	P2g, Plate with dendritic extensions 
866	P2f, Plate with sectorlike extensions 
867	P2f, Plate with sectorlike extensions 
868	P2g, Plate with dendritic extensions 
869	P2f, Plate with sectorlike extensions 
870	P2f, Plate with sectorlike extensions 
871	P2f, Plate with sectorlike extensions 
872	P2f, Plate with sectorlike extensions 
873	P2f, Plate with sectorlike extensions 
874	P2f, Plate with sectorlike extensions 
875	P2f, Plate with sectorlike extensions 
876	P2f, Plate with sectorlike extensions 
877	P2f, Plate with sectorlike extensions 
878	P2f, Plate with sectorlike extensions 
879	P2f, Plate with sectorlike extensions 
880	P2e, Plate with simple extensions 
881	P2g, Plate with dendritic extensions 
882	P2g, Plate with dendritic extensions 
883	P2g, Plate with dendritic extensions 
884	P2g, Plate with dendritic extensions 
885	P2g, Plate with dendritic extensions 
886	P2f, Plate with sectorlike extensions 
887	P2f, Plate with sectorlike extensions 
888	P2f, Plate with sectorlike extensions 
889	P2f, Plate with sectorlike extensions 
890	P2f, Plate with sectorlike extensions 
891	P2g, Plate with dendritic extensions 
892	P2f, Plate with sectorlike extensions 
893	P2e, Plate with simple extensions 
894	P1d, Stellar crystal 
895	P2f, Plate with sectorlike extensions 
896	P2f, Plate with sectorlike extensions 
897	P2f, Plate with sectorlike extensions 
898	P2e, Plate with simple extensions 
899	P2e, Plate with simple extensions 
900	P2e, Plate with simple extensions 
901	P2f, Plate with sectorlike extensions 
902	P2f, Plate with sectorlike extensions 
903	P2f, Plate with sectorlike extensions 
904	P2f, Plate with sectorlike extensions 
905	P2f, Plate with sectorlike extensions 
906	P2e, Plate with simple extensions 
907	P2e, Plate with simple extensions 
908	P2e, Plate with simple extensions 
909	P2e, Plate with simple extensions 
910	P2f, Plate with sectorlike extensions 
911	P2e, Plate with simple extensions 
912	P2f, Plate with sectorlike extensions 
913	P2f, Plate with sectorlike extensions 
914	P2f, Plate with sectorlike extensions 
915	P2f, Plate with sectorlike extensions 
916	P2g, Plate with dendritic extensions 
917	P2f, Plate with sectorlike extensions 
918	P1c, Crystal with broad branches 
919	P1c, Crystal with broad branches 
920	P1c, Crystal with broad branches 
921	P1c, Crystal with broad branches 
922	P1c, Crystal with broad branches 
923	P1c, Crystal with broad branches 
924	P1c, Crystal with broad branches 
925	P1c, Crystal with broad branches 
926	P1c, Crystal with broad branches 
927	P1c, Crystal with broad branches 
928	P2f, Plate with sectorlike extensions 
929	P2f, Plate with sectorlike extensions 
930	P1c, Crystal with broad branches 
931	P1c, Crystal with broad branches 
932	P1c, Crystal with broad branches 
933	P1c, Crystal with broad branches 
934	P1c, Crystal with broad branches 
935	P1c, Crystal with broad branches 
936	P1c, Crystal with broad branches 
937	P2f, Plate with sectorlike extensions 
938	P2f, Plate with sectorlike extensions 
939	P1c, Crystal with broad branches 
940	P1c, Crystal with broad branches 
941	P1c, Crystal with broad branches 
942	P2f, Plate with sectorlike extensions 
943	P2f, Plate with sectorlike extensions 
944	P1c, Crystal with broad branches 
945	P2f, Plate with sectorlike extensions 
946	P1c, Crystal with broad branches 
947	P2f, Plate with sectorlike extensions 
948	P1c, Crystal with broad branches 
949	P2f, Plate with sectorlike extensions 
950	P1c, Crystal with broad branches 
951	P2f, Plate with sectorlike extensions 
952	P1c, Crystal with broad branches 
953	P1c, Crystal with broad branches 
954	P1c, Crystal with broad branches 
955	P1c, Crystal with broad branches 
956	P2f, Plate with sectorlike extensions 
957	P3b, Three-branched crystal 
958	P1b, Crystal with sectorlike branches 
959	P2f, Plate with sectorlike extensions 
960	P2f, Plate with sectorlike extensions 
961	P2f, Plate with sectorlike extensions 
962	P2f, Plate with sectorlike extensions 
963	P2f, Plate with sectorlike extensions 
964	P2f, Plate with sectorlike extensions 
965	P2e, Plate with simple extensions 
966	P1e, Ordinary dendritic crystal 
967	P1e, Ordinary dendritic crystal 
968	P2g, Plate with dendritic extensions 
969	P2g, Plate with dendritic extensions 
970	P2g, Plate with dendritic extensions 
971	P2g, Plate with dendritic extensions 
972	P2g, Plate with dendritic extensions 
973	P2g, Plate with dendritic extensions 
974	P2g, Plate with dendritic extensions 
975	P2g, Plate with dendritic extensions 
976	P2g, Plate with dendritic extensions 
977	P2g, Plate with dendritic extensions 
978	P2g, Plate with dendritic extensions 
979	P2f, Plate with sectorlike extensions 
980	P2f, Plate with sectorlike extensions 
981	P2f, Plate with sectorlike extensions 
982	P1c, Crystal with broad branches 
983	P2f, Plate with sectorlike extensions 
984	P2f, Plate with sectorlike extensions 
985	P2f, Plate with sectorlike extensions 
986	P1c, Crystal with broad branches 
987	P1c, Crystal with broad branches 
988	P1c, Crystal with broad branches 
989	P2f, Plate with sectorlike extensions 
990	P2f, Plate with sectorlike extensions 
991	P2f, Plate with sectorlike extensions 
992	P2f, Plate with sectorlike extensions 
993	P2f, Plate with sectorlike extensions 
994	P2f, Plate with sectorlike extensions 
995	P2f, Plate with sectorlike extensions 
996	P2f, Plate with sectorlike extensions 
997	P2f, Plate with sectorlike extensions 
998	P2f, Plate with sectorlike extensions 
999	P2f, Plate with sectorlike extensions 
1000	P2f, Plate with sectorlike extensions 
1001	P2f, Plate with sectorlike extensions 
1002	P2f, Plate with sectorlike extensions 
1003	P2f, Plate with sectorlike extensions 
1004	P2e, Plate with simple extensions 
1005	P2e, Plate with simple extensions 
1006	P2f, Plate with sectorlike extensions 
1007	P2f, Plate with sectorlike extensions 
1008	P2f, Plate with sectorlike extensions 
1009	P2f, Plate with sectorlike extensions 
1010	P2f, Plate with sectorlike extensions 
1011	P1d, Stellar crystal 
1012	P2f, Plate with sectorlike extensions 
1013	P2f, Plate with sectorlike extensions 
1014	P2f, Plate with sectorlike extensions 
1015	P2f, Plate with sectorlike extensions 
1016	P2f, Plate with sectorlike extensions 
1017	P2f, Plate with sectorlike extensions 
1018	P2f, Plate with sectorlike extensions 
1019	P1b, Crystal with sectorlike branches 
1020	P2f, Plate with sectorlike extensions 
1021	P1c, Crystal with broad branches 
1022	P2f, Plate with sectorlike extensions 
1023	P2f, Plate with sectorlike extensions 
1024	P1c, Crystal with broad branches 
1025	P2f, Plate with sectorlike extensions 
1026	P1c, Crystal with broad branches 
1027	P1c, Crystal with broad branches 
1028	P2f, Plate with sectorlike extensions 
1029	P1c, Crystal with broad branches 
1030	P1c, Crystal with broad branches 
1031	P2g, Plate with dendritic extensions 
1032	P1b, Crystal with sectorlike branches 
1033	P2f, Plate with sectorlike extensions 
1034	P2f, Plate with sectorlike extensions 
1035	P2f, Plate with sectorlike extensions 
1036	P2g, Plate with dendritic extensions 
1037	P2f, Plate with sectorlike extensions 
1038	P7a, Radiating assemblage of plates 
1039	P2f, Plate with sectorlike extensions 
1040	P1e, Ordinary dendritic crystal 
1041	P2g, Plate with dendritic extensions 
1042	P2g, Plate with dendritic extensions 
1043	P2g, Plate with dendritic extensions 
1044	P1e, Ordinary dendritic crystal 
1045	P2f, Plate with sectorlike extensions 
1046	P1e, Ordinary dendritic crystal 
1047	P2f, Plate with sectorlike extensions 
1048	P2g, Plate with dendritic extensions 
1049	P2g, Plate with dendritic extensions 
1050	P2g, Plate with dendritic extensions 
1051	P2f, Plate with sectorlike extensions 
1052	P2g, Plate with dendritic extensions 
1053	P2g, Plate with dendritic extensions 
1054	P2g, Plate with dendritic extensions 
1055	P2f, Plate with sectorlike extensions 
1056	P2g, Plate with dendritic extensions 
1057	P2g, Plate with dendritic extensions 
1058	P2g, Plate with dendritic extensions 
1059	P2g, Plate with dendritic extensions 
1060	P2f, Plate with sectorlike extensions 
1061	P2g, Plate with dendritic extensions 
1062	P2f, Plate with sectorlike extensions 
1063	P2g, Plate with dendritic extensions 
1064	R1c, Rimed plate or sector 
1065	P2g, Plate with dendritic extensions 
1066	P2f, Plate with sectorlike extensions 
1067	P2g, Plate with dendritic extensions 
1068	P2f, Plate with sectorlike extensions 
1069	P1e, Ordinary dendritic crystal 
1070	P2g, Plate with dendritic extensions 
1071	P2g, Plate with dendritic extensions 
1072	P2g, Plate with dendritic extensions 
1073	P2g, Plate with dendritic extensions 
1074	P1f, Fernlike crystal 
1075	P2f, Plate with sectorlike extensions 
1076	P2f, Plate with sectorlike extensions 
1077	P1f, Fernlike crystal 
1078	P2f, Plate with sectorlike extensions 
1079	P2f, Plate with sectorlike extensions 
1080	P1e, Ordinary dendritic crystal 
1081	P2g, Plate with dendritic extensions 
1082	P2g, Plate with dendritic extensions 
1083	P2g, Plate with dendritic extensions 
1084	P1e, Ordinary dendritic crystal 
1085	P1e, Ordinary dendritic crystal 
1086	P2g, Plate with dendritic extensions 
1087	P1f, Fernlike crystal 
1088	P2g, Plate with dendritic extensions 
1089	P2g, Plate with dendritic extensions 
1090	P2g, Plate with dendritic extensions 
1091	P2g, Plate with dendritic extensions 
1092	P1e, Ordinary dendritic crystal 
1093	P2g, Plate with dendritic extensions 
1094	P2g, Plate with dendritic extensions 
1095	P1f, Fernlike crystal 
1096	P2g, Plate with dendritic extensions 
1097	P2g, Plate with dendritic extensions 
1098	X, Unknown 
1099	P1e, Ordinary dendritic crystal 
1100	P2g, Plate with dendritic extensions 
1101	P2g, Plate with dendritic extensions 
1102	P3b, Three-branched crystal 
1103	P3b, Three-branched crystal 
1104	P3b, Three-branched crystal 
1105	P2e, Plate with simple extensions 
1106	P2f, Plate with sectorlike extensions 
1107	P3c, Four-branched crystal 
1108	P3b, Three-branched crystal 
1109	P5, Malformed crystal 
1110	P5, Malformed crystal 
1111	P2f, Plate with sectorlike extensions 
1112	P3b, Three-branched crystal 
1113	P5, Malformed crystal 
1114	P3c, Four-branched crystal 
1115	P3b, Three-branched crystal 
1116	P5, Malformed crystal 
1117	P2f, Plate with sectorlike extensions 
1118	P3b, Three-branched crystal 
1119	P2f, Plate with sectorlike extensions 
1120	P1c, Crystal with broad branches 
1121	I4, Miscellaneous 
1122	P1a, Hexagonal plate 
1123	P7a, Radiating assemblage of plates 
1124	N2b, Combination of sheaths 
1125	C1c, Solid bullet 
1126	C1e, Solid column 
1127	I4, Miscellaneous 
1128	I4, Miscellaneous 
1129	R4b, Lump graupel 
1130	P3b, Three-branched crystal 
1131	P1a, Hexagonal plate 
1132	P5, Malformed crystal 
1133	P5, Malformed crystal 
1134	P1c, Crystal with broad branches 
1135	I4, Miscellaneous 
1136	C1e, Solid column 
1137	I4, Miscellaneous 
1138	P1a, Hexagonal plate 
1139	P2g, Plate with dendritic extensions 
1140	P2g, Plate with dendritic extensions 
1141	P2g, Plate with dendritic extensions 
1142	P2e, Plate with simple extensions 
1143	P2e, Plate with simple extensions 
1144	P2g, Plate with dendritic extensions 
1145	P2f, Plate with sectorlike extensions 
1146	P2f, Plate with sectorlike extensions 
1147	P2g, Plate with dendritic extensions 
1148	P2g, Plate with dendritic extensions 
1149	P5, Malformed crystal 
1150	P3a, Two-branched crystal 
1151	P2g, Plate with dendritic extensions 
1152	P2g, Plate with dendritic extensions 
1153	P2g, Plate with dendritic extensions 
1154	P1f, Fernlike crystal 
1155	P2f, Plate with sectorlike extensions 
1156	P2g, Plate with dendritic extensions 
1157	P2g, Plate with dendritic extensions 
1158	P2g, Plate with dendritic extensions 
1159	P2f, Plate with sectorlike extensions 
1160	P2f, Plate with sectorlike extensions 
1161	P2f, Plate with sectorlike extensions 
1162	P2f, Plate with sectorlike extensions 
1163	P2f, Plate with sectorlike extensions 
1164	P2f, Plate with sectorlike extensions 
1165	P2g, Plate with dendritic extensions 
1166	P2f, Plate with sectorlike extensions 
1167	P2f, Plate with sectorlike extensions 
1168	P2f, Plate with sectorlike extensions 
1169	P1f, Fernlike crystal 
1170	C1e, Solid column 
1171	P2e, Plate with simple extensions 
1172	P2f, Plate with sectorlike extensions 
1173	P2f, Plate with sectorlike extensions 
1174	P2f, Plate with sectorlike extensions 
1175	P2f, Plate with sectorlike extensions 
1176	P1a, Hexagonal plate 
1177	P1c, Crystal with broad branches 
1178	P1c, Crystal with broad branches 
1179	P1c, Crystal with broad branches 
1180	P1c, Crystal with broad branches 
1181	P1c, Crystal with broad branches 
1182	P1c, Crystal with broad branches 
